Country	FIND A DEALER	OUR ONLINE STORE	LEARN MORE ABOUT THE GENESIS II	LEARN MORE ABOUT THE IGRILL3	Accessories page	Google PlayStore	Apple AppStore
Germany	http://www.weber.com/DE/de/filialfinder/	http://www.weber.com/DE/de/start/	https://www.weber.com/DE/de/genesis-ii	http://www.weber.com/DE/de/zubehoer/werkzeuge/-igrill/	http://www.weber.com/DE/de/zubehoer/zubereiten/gourmet-bbq-system-%28gbs%29/	https://play.google.com/store/apps/details?id=com.weber.igrill&hl=de	https://itunes.apple.com/de/app/weber-igrill/id400796680?mt=8
UK	https://www.weberbbq.co.uk/where-to-buy/	No	https://www.weber.com/GB/en/genesis-ii	https://www.weberbbq.co.uk/product/weber-igrill-3/	https://www.weberbbq.co.uk/product-category/accessories/
Denmark	http://www.webergrill.dk/find-forhandler.aspx	No	www.weber.com/DK/da/genesis-ii	http://www.webergrill.dk/igrill.aspx	http://www.webergrill.dk/grilltilbehoer.aspx	https://play.google.com/store/apps/details?id=com.weberstephen.webergrillapp 	https://itunes.apple.com/dk/app/weber/id1093481859?mt=8
France	http://www.weberstephen.fr/points-de-vente.aspx	No	https://www.weber.com/FR/fr/genesis-ii	http://www.weberstephen.fr/nos-gammes/produits-et-accessoires/thermometres-connectes-igrill-lv91/weber-igrill-3-7205.aspx	http://www.weberstephen.fr/nos-gammes/produits-et-accessoires.aspx	https://play.google.com/store/apps/details?id=com.weber.igrill	https://itunes.apple.com/fr/app/weber-igrill/id400796680?mt=8
Austria	http://www.weber.com/AT/de/filialfinder/	http://www.weber.com/AT/de/start/	https://www.weber.com/AT/de/genesis-ii	http://www.weber.com/AT/de/zubehoer/werkzeuge/-igrill/	http://www.weber.com/AT/de/zubehoer/zubereiten/gourmet-bbq-system-%28gbs%29/	https://play.google.com/store/apps/details?id=com.weber.igrill&hl=de	https://itunes.apple.com/de/app/weber-igrill/id400796680?mt=8
Switzerland German	http://www.weberstephen.ch/H%C3%A4ndlersuche/Premium-Partner-vor-Ort.aspx?search=6072&distance=180	No	https://www.weber.com/CH/de/genesis-ii	http://www.weberstephen.ch/Produktwelt/Weber-Zubeh%C3%B6r/Detail/Weber-iGrill/Weber-iGrill-3-f%C3%BCr-alle-Genesis-II-Modelle-1.aspx	http://www.weberstephen.ch/Produktwelt/Weber-Zubeh%C3%B6r/Gourmet-BBQ-System.aspx	https://play.google.com/store/apps/details?id=com.weber.igrill&hl=de	https://itunes.apple.com/de/app/weber-igrill/id400796680?mt=8
Switzerland French	http://fr.weberstephen.ch/Recherche-des-revendeurs/Recherche-des-revendeurs.aspx?search=6072&distance=180	No	https://www.weber.com/CH/fr/genesis-ii	http://fr.weberstephen.ch/Univers-produits/Accessoires-Weber/Detail/Weber-iGrill/Weber-iGrill-3-Pour-tous-les-mod%C3%A8les-Genesis-II-1.aspx	http://fr.weberstephen.ch/Univers-produits/Accessoires-Weber/Gourmet-BBQ-Syst%C3%A8me.aspx	https://play.google.com/store/apps/details?id=com.weber.igrill&hl=fr	https://itunes.apple.com/fr/app/weber-igrill/id400796680?mt=8
Netherlands	http://www.weber.com/NL/nl/storefinder/	http://www.weber.com/NL/nl/home/	https://www.weber.com/NL/nl/genesis-ii	http://www.weber.com/NL/nl/accessoires/gereedschap/-igrill/	http://www.weber.com/NL/nl/accessoires/ 	https://play.google.com/store/apps/details?id=com.weber.igrill	https://itunes.apple.com/us/app/weber-igrill/id400796680?mt=8
Belgium Dutch	http://nl.weberstephen.be/verkooppunten.aspx	No	https://www.weber.com/BE/nl/genesis-ii	http://nl.weberstephen.be/onze-producten/accessoires/igrill-35s7.aspx	http://nl.weberstephen.be/onze-producten/accessoires.aspx	https://play.google.com/store/apps/details?id=com.weber.igrill	https://itunes.apple.com/us/app/weber-igrill/id400796680?mt=8
Belgium French	http://fr.weberstephen.be/points-de-vente.aspx	No	https://www.weber.com/BE/fr/genesis-ii	http://fr.weberstephen.be/nos-gammes/accessoires/igrill-sq0q.aspx	http://fr.weberstephen.be/nos-gammes/accessoires.aspx	https://play.google.com/store/apps/details?id=com.weber.igrill	https://itunes.apple.com/us/app/weber-igrill/id400796680?mt=8
Norway	http://www.webergrill.no/finn-din-forhandler.aspx	No	http://www.webergrill.no/grillmodeller/gassgrill/genesis-ii-6q0u.aspx and http://www.webergrill.no/grillmodeller/gassgrill/genesis-ii-lx-471.aspx	http://www.webergrill.no/grilltilbehoer/tilbehoer/igrill-inzg.aspx	http://www.webergrill.no/grilltilbehoer/tilbehoer.aspx	https://play.google.com/store/apps/details?id=com.weber.igrill	https://itunes.apple.com/us/app/weber-igrill/id400796680?mt=8
Sweden	http://www.webergrill.se/hitta-weber-aaterforsaljare.aspx	No	http://www.webergrill.se/grillmodeller/gasolgrillar/genesis-ii-rpx6.aspx and http://www.webergrill.se/grillmodeller/gasolgrillar/genesis-ii-lx-dudn.aspx	http://www.webergrill.se/grilltillbehor/tillbehor/igrill-2dbz.aspx	http://www.webergrill.se/grilltillbehor/tillbehor.aspx	https://play.google.com/store/apps/details?id=com.weber.igrill	https://itunes.apple.com/us/app/weber-igrill/id400796680?mt=8
Finland	http://www.webergrill.fi/etsi-jalleenmyyja.aspx	No	https://www.weber.com/FI/fi/genesis-ii	http://www.webergrill.fi/grillaustarvikkeet/tarvikkeet/igrill-eymc.aspx	http://www.webergrill.fi/grillaustarvikkeet/tarvikkeet.aspx	https://play.google.com/store/apps/details?id=com.weber.igrill	https://itunes.apple.com/us/app/weber-igrill/id400796680?mt=8
Italy 	http://www.weberstephen.it/punti-vendita.aspx	No	https://www.weber.com/IT/it/genesis-ii	http://www.weberstephen.it/le-nostre-gamme/prodotti-e-accessori/termometri-igrill-e8y5.aspx	http://www.weberstephen.it/le-nostre-gamme/prodotti-e-accessori.aspx
Spain	http://www.weberstephen.es/%C2%BFdonde-comprar.aspx	No	https://www.weber.com/ES/es/genesis-ii	http://www.weberstephen.es/nuestras-gamas/productos-y-accesorios/termometros-weber-igrill-g9ex.aspx	http://www.weberstephen.es/nuestras-gamas/productos-y-accesorios.aspx
Portugal	http://www.weberstephen.pt/onde-comprar-.aspx	No	 https://www.weber.com/PT/pt/genesis-ii	http://www.weberstephen.pt/as-nossas-gamas/produtos-e-acessorios/termometros-weber-igrill-3z9u.aspx	http://www.weberstephen.pt/as-nossas-gamas/produtos-e-acessorios.aspx
Czech Republic	http://www.weberstephen.cz/Na%C5%A1i-prodejci/Na%C5%A1i-autorizovan%C3%AD-prodejci.aspx	No	https://www.weber.com/CZ/cz/genesis-ii	http://www.weberstephen.cz/Sv%C4%9Bt-produkt%C5%AF-Weber/Weber-p%C5%99%C3%ADslu%C5%A1enstv%C3%AD/%C3%9Cbersicht/iGrill.aspx

Slovakia
http://www.weberstephen.sk/Na%C5%A1i-prodejci/Na%C5%A1i-autorizovan%C3%AD-prodejci.aspx
NO
https://www.weber.com/SK/sk/genesis-ii
http://www.weberstephen.sk/Sv%C4%9Bt-produkt%C5%AF-Weber/Weber-p%C5%99%C3%ADslu%C5%A1enstv%C3%AD/%C3%9Cbersicht/iGrill.aspx

Russia	http://www.weberstephen.ru/%D0%93%D0%B4%D0%B5-%D0%BA%D1%83%D0%BF%D0%B8%D1%82%D1%8C/%D0%9F%D0%A0%D0%95%D0%9C%D0%98%D0%A3%D0%9C-%D0%9F%D0%90%D0%A0%D0%A2%D0%9D%D0%95%D0%A0%D0%AB.aspx	No	https://www.weber.com/RU/ru/genesis-ii	http://www.weberstephen.ru/%D0%9C%D0%B8%D1%80-%D0%BF%D1%80%D0%BE%D0%B4%D1%83%D0%BA%D1%86%D0%B8%D0%B8/%D0%90%D0%BA%D1%81%D0%B5%D1%81%D1%81%D1%83%D0%B0%D1%80%D1%8B-WEBER/%D0%98%D0%BD%D1%81%D1%82%D1%80%D1%83%D0%BC%D0%B5%D0%BD%D1%82%D1%8B.aspx
Turkey	http://www.weberstephen.com.tr/Bayi-arama/Prem%C4%B1um-Bayi-adresleri.aspx	http://www.webershop.com.tr/	https://www.weber.com/TR/tr/genesis-ii	Do not have it online as its not in stores yet
